word,frequency
gear,6506
land,5993
aircraft,4010
pilot,2799
nose,1919
runway,1699
right,1151
main,1150
collaps,1150
left,1065
damag,1028
flight,854
retract,742
caus,629
approach,617
propel,587
extend,573
posit,560
engin,539
indic,534
fail,515
wheel,504
lock,497
select,497
touchdown,461
light,445
airport,440
lower,420
report,414
crew,393
roll,388
stop,385
oper,380
system,363
touch,360
came,359
wing,354
injuri,352
substanti,351
normal,345
ground,328
emerg,328
power,309
result,307
rest,299
control,297
passeng,294
circuit,294
flap,292
failur,292
attempt,291
leg,280
complet,268
takeoff,266
struck,261
time,257
hard,251
final,248
check,247
side,247
follow,247
cessna,244
reveal,242
sustain,236
found,233
two,230
could,229
door,229
bounc,227
warn,226
lake,225
examin,224
prior,221
return,219
hydraul,218
injur,218
bolt,215
find,214
contact,213
inspect,213
feet,212
surfac,210
mainten,207
conduct,205
extens,205
piper,205
student,202
pa,201
determin,198
use,192
privat,189
howev,185
one,184
condit,183
area,181
board,180
slid,180
turn,178
carri,176
made,175
strip,175
approxim,174
horn,174
belli,173
assembl,172
snow,172
wind,170
short,170
green,167
servic,161
actuat,161
air,160
overload,160
remain,156
due,155
three,153
confirm,152
end,152
onto,152
occup,151
fuselag,150
lever,150
without,150
prevent,149
field,148
allow,148
depart,148
investig,147
ac,146
attach,146
local,145
fulli,144
registr,143
strut,142
would,142
sever,140
grass,140
fuel,138
tower,138
fli,138
appli,137
electr,137
relat,136
continu,133
accid,133
visual,133
hour,131
first,128
link,128
tip,126
instructor,125
perform,124
test,124
handl,123
taxi,123
back,123
manual,121
mechan,120
decid,119
second,118
pressur,118
move,118
initi,118
nosewheel,116
ski,115
load,115
illumin,114
inadvert,112
train,111
selector,111
full,110
broke,110
high,109
speed,109
part,108
ontario,107
crosswind,107
observ,106
receiv,106
beech,103
skid,103
drag,103
exit,103
problem,102
rwi,102
partial,102
degre,101
activ,101
fatigu,100
close,100
procedur,99
appear,99
nil,99
flare,97
forc,97
compani,96
unabl,95
began,95
uninjur,95
point,94
also,94
remov,94
ice,93
requir,92
instal,91
water,91
sound,91
soft,90
rod,90
crack,90
subsequ,90
low,89
notic,89
settl,89
reduc,89
veer,88
knot,87
motor,87
line,86
come,86
vfr,85
lost,85
cowl,85
threshold,85
upon,85
inform,84
touchandgo,84
shortli,84
forward,84
bent,83
pump,83
broken,83
run,82
rais,82
laboratori,82
fire,82
show,82
occurr,81
mount,80
clear,80
breaker,79
drop,79
pull,79
direct,78
switch,78
success,78
unsaf,77
advis,77
occur,77
rollout,76
go,76
cycl,76
limit,75
brake,74
jam,74
rough,74
still,74
lp,73
bay,73
start,72
heard,72
stall,72
locat,72
support,71
weight,71
unsuccess,70
bracket,70
hand,70
flown,70
state,70
equip,70
repair,70
airstrip,69
manufactur,69
intern,69
open,68
immedi,68
reason,68
base,67
regist,67
place,67
separ,67
airplan,66
throttl,66
elect,66
type,66
near,66
possibl,66
experienc,66
pin,65
ft,65
note,65
tri,64
heavili,64
structur,63
personnel,62
lift,62
divert,61
becam,61
centr,60
number,60
weather,60
may,60
previou,59
malfunct,59
anoth,59
aviat,59
brace,59
downlock,58
excess,57
fluid,56
attitud,56
arriv,55
maintain,55
flew,55
checklist,55
evacu,55
fractur,54
wear,54
porpois,54
captain,54
work,53
avail,53
function,53
st,53
front,53
downwind,53
safe,53
took,52
third,52
tsb,52
replac,52
strike,52
prepar,51
ab,51
rule,51
tire,51
practic,51
frozen,51
drift,51
preland,51
downandlock,51
minor,51
inch,50
float,50
safeti,50
long,50
suffici,50
sinc,50
slow,50
forgot,50
well,50
shut,50
airspe,49
hit,49
radio,49
make,49
loss,49
request,49
around,49
releas,49
shear,48
mile,48
hole,48
impact,48
obtain,48
dug,47
tube,47
weld,47
edg,47
tail,47
mb,47
taxiway,47
set,46
minut,46
abl,46
take,46
red,46
overshoot,46
airborn,46
instead,46
swung,46
north,45
night,45
get,45
issu,45
declar,45
establish,45
skin,44
climb,44
bc,44
analysi,43
solo,43
upper,43
recycl,43
provid,42
instrument,42
transport,42
difficulti,42
swerv,42
altern,41
miss,41
addit,41
altitud,41
day,40
increas,40
toronto,40
instruct,40
seat,40
departur,40
secur,40
encount,40
sole,40
tow,40
went,40
compon,40
bend,40
design,39
correct,39
felt,39
simul,39
accord,39
recov,39
pass,39
axl,39
although,39
center,39
destin,39
oleo,38
leak,38
fold,38
intend,38
wheelsup,38
blade,38
visibl,38
river,37
five,37
amphibi,37
conclus,37
microswitch,37
bear,37
amateurbuilt,36
cover,36
spring,36
properli,36
uplock,36
valv,36
jack,36
evid,36
rate,36
own,36
cabl,36
sank,35
probabl,35
cockpit,35
rudder,35
call,35
hous,35
sk,35
winnipeg,35
level,35
nut,35
site,35
pack,35
loop,35
includ,35
canada,35
recoveri,35
ultralight,35
gearup,35
transit,34
signific,34
later,34
suffer,34
fit,34
mph,34
enter,34
fork,34
realiz,34
owner,34
circl,33
rear,33
cross,33
section,33
becom,33
er,33
descent,33
slightli,33
adjust,32
pop,32
thu,32
batteri,32
loos,32
shock,32
mooney,32
hangar,32
drive,32
head,32
ran,32
recent,31
distract,31
rout,31
island,31
strong,31
unlock,31
small,31
undercarriag,31
torqu,31
pleasur,31
see,31
way,31
aft,31
cylind,31
along,31
facil,30
gravel,30
rotat,30
mirror,30
gust,30
gusti,30
hold,30
shaft,30
pitch,30
charter,30
member,30
escap,30
skiequip,30
put,30
bank,30
ltd,30
keep,29
snowcov,29
undetermin,29
trip,29
exist,29
snowdrift,29
flybi,29
proceed,29
chang,29
vibrat,29
fact,29
steer,29
citi,29
neither,29
technic,29
neutral,29
distanc,29
wire,29
practis,29
foot,28
goaround,28
cabin,28
last,28
past,28
beyond,28
feather,28
park,28
consist,28
believ,28
bush,28
burn,28
stand,28
method,27
farm,27
deg,27
heavi,27
precautionari,27
suggest,27
action,27
four,27
quebec,27
shimmi,27
precrack,26
weaken,26
within,26
order,26
rig,26
besid,26
straight,26
recommend,26
sdr,26
higher,26
engag,26
movement,26
travel,25
execut,25
flip,25
nois,25
firewal,25
rock,25
ridg,25
arff,25
top,25
righthand,25
reach,25
loud,25
south,25
ditch,25
deform,25
like,25
assist,25
reportedli,25
built,25
detect,25
respond,25
gearbox,24
deploy,24
ensur,24
clearanc,24
overcentr,24
undersid,24
compress,24
larg,24
rescu,24
suspect,24
taken,24
linkag,24
effect,24
outboard,24
connect,24
push,24
toward,24
calgari,24
manoeuvr,24
spot,23
caught,23
advanc,23
either,23
singl,23
cruis,23
applic,23
spray,23
identifi,23
unservic,23
height,23
traffic,23
origin,23
springbank,23
arm,23
abnorm,23
copilot,23
prop,23
offic,23
intent,23
cut,23
plan,23
discov,23
metal,22
amateur,22
en,22
saw,22
tree,22
qc,22
new,22
la,22
hear,22
progress,22
ahead,22
insuffici,22
sign,22
subject,22
rg,22
assess,22
free,22
latch,22
incid,22
commun,22
swing,22
geardown,22
elt,22
inboard,22
next,22
thunder,22
propellor,22
twice,21
contribut,21
multiengin,21
intransit,21
road,21
break,21
tank,21
incorrectli,21
year,21
yaw,21
oshawa,21
upright,21
club,21
adjac,21
crank,21
fell,21
groundloop,21
portion,21
standbi,21
liftoff,21
unev,21
canadian,21
saskatchewan,20
deer,20
plane,20
onboard,20
stress,20
ferri,20
edmonton,20
manitoba,20
sequenc,20
snowbank,20
therefor,20
abort,20
held,20
corros,20
reset,20
bunge,20
lack,20
bottom,19
temperatur,19
seneca,19
descend,19
blow,19
infield,19
alberta,19
extinguish,19
municip,19
ad,19
region,19
defect,19
atc,19
misjudg,19
elev,19
worn,19
flat,19
bulletin,19
fort,19
awar,19
invert,19
recal,19
devic,19
configur,19
rather,19
overturn,19
situat,19
none,19
whether,19
consult,18
submit,18
total,18
permit,18
enrout,18
despit,18
regina,18
columbia,18
deceler,18
disconnect,18
bang,18
torn,18
wit,18
decreas,18
british,18
anomali,18
notam,18
asphalt,18
ii,18
model,18
fault,18
mode,18
east,18
fall,17
trunnion,17
panel,17
inc,17
slowli,17
helicopt,17
beechcraft,17
experi,17
west,17
pivot,17
pitt,17
ask,17
techniqu,17
cord,17
joint,17
appar,17
enough,17
port,17
stuck,17
nearbi,17
eventu,17
screw,17
intl,17
seal,17
kt,17
clevi,17
narrow,17
proper,17
nacel,17
ifr,17
impos,17
idl,17
bonanza,16
meadow,16
rearward,16
column,16
correctli,16
brampton,16
twin,16
ottawa,16
revers,16
repeat,16
disengag,16
join,16
box,16
calm,16
post,16
verifi,16
thread,16
circuitbreak,16
retain,16
brief,16
plough,16
deep,16
schedul,16
extent,16
antiretract,16
numer,16
conclud,16
factor,16
airfram,16
scrape,16
har,16
scissor,16
par,16
done,16
command,16
sand,16
pn,16
less,16
exhaust,16
standard,16
nm,16
gave,16
dual,15
concentr,15
dhc,15
smoke,15
ch,15
develop,15
stabil,15
combin,15
slide,15
sioux,15
dirt,15
smooth,15
sink,15
termin,15
earlier,15
dispatch,15
fast,15
commenc,15
master,15
wet,15
assum,15
given,15
associ,15
poor,15
late,15
unit,15
aerodrom,15
angl,15
nosedown,15
windsor,15
homebuilt,15
horizont,15
ring,15
accumul,15
idler,15
geometr,15
zenair,15
avoid,15
materi,15
lookout,15
twist,15
intersect,14
suddenli,14
london,14
person,14
retard,14
bump,14
strength,14
manag,14
oil,14
vehicl,14
unusu,14
perimet,14
adequ,14
per,14
vertic,14
airway,14
manifold,14
overshot,14
rut,14
straightin,14
turf,14
wingtip,14
incur,14
princ,14
round,14
overhaul,14
collid,14
detach,14
lubric,14
tailwheel,14
consid,14
demonstr,14
seri,14
seiz,14
rain,14
yoke,14
grand,14
remot,14
thought,14
scene,14
unintent,14
egress,14
mean,14
must,14
cap,13
incorrect,13
specifi,13
pave,13
buckl,13
littl,13
cargo,13
crust,13
aztec,13
exercis,13
defici,13
king,13
prioriti,13
duti,13
brush,13
away,13
privatelyregist,13
buffalo,13
john,13
brought,13
damper,13
windrow,13
ramp,13
nosegear,13
period,13
accomplish,13
sideway,13
similar,13
saskatoon,13
preexist,13
fss,13
troubleshoot,13
half,13
aileron,13
piston,13
comanch,13
heat,13
good,13
phase,13
cotter,12
transmiss,12
sent,12
acceler,12
regain,12
airpark,12
hamilton,12
dri,12
fenc,12
peterborough,12
absorb,12
familiar,12
multipl,12
prematur,12
reservoir,12
reselect,12
wheat,12
preflight,12
give,12
de,12
moncton,12
lose,12
improp,12
dorval,12
mark,12
bar,12
prairi,12
ineffect,12
obstruct,12
previous,12
hose,12
construct,12
solenoid,12
automat,12
six,12
washer,12
author,12
stay,12
lug,12
cloud,12
rel,11
outer,11
mc,11
shoulder,11
abbotsford,11
pick,11
québec,11
goos,11
ball,11
sourc,11
cours,11
turbul,11
gener,11
rapidli,11
uncontrol,11
special,11
begin,11
rapid,11
longer,11
minimum,11
record,11
bellcrank,11
attent,11
bell,11
refer,11
contain,11
worm,11
thompson,11
fill,11
decis,11
insid,11
andrew,11
graviti,11
overstress,11
trail,11
interrupt,11
estim,11
cypk,11
hing,11
even,11
event,11
vancouv,11
home,11
burlington,11
creat,11
inop,11
inner,11
concern,11
notifi,11
inflight,11
hr,11
rpm,11
almost,11
us,11
nt,11
necessari,11
produc,11
overran,11
whiteout,11
unharm,11
suitabl,11
aerial,11
guid,11
boundari,11
mountain,11
view,11
victoria,11
vicin,11
alreadi,11
pound,11
shutdown,11
endors,11
navajo,11
sky,11
suppli,11
wrinkl,10
moment,10
current,10
modifi,10
specif,10
minim,10
da,10
murphi,10
align,10
misalign,10
critic,10
preliminari,10
cybw,10
newfoundland,10
northwest,10
montreal,10
beam,10
consequ,10
inbound,10
hang,10
salvag,10
unsuit,10
block,10
letter,10
hook,10
effort,10
eight,10
via,10
embank,10
inadequ,10
kept,10
across,10
halt,10
plunger,10
bulkhead,10
expect,10
carburettor,10
except,10
buttonvil,10
pod,10
rh,10
timmin,10
pedal,10
intermitt,10
insert,10
reject,10
instantan,10
consider,10
manner,10
dislodg,10
machin,10
log,10
uneven,10
pilotown,10
tc,10
discrep,10
commerci,10
wait,10
pickl,10
bellanca,10
tension,10
regard,10
terrain,10
fourth,10
privatelyoper,9
opposit,9
wreckag,9
exceed,9
cfr,9
friction,9
exert,9
seven,9
steep,9
gander,9
input,9
shortfield,9
rong,9
troubl,9
sideslip,9
affect,9
airlin,9
everi,9
crash,9
presenc,9
hospit,9
centrelin,9
occupi,9
face,9
upslop,9
file,9
il,9
onehalf,9
imposs,9
updat,9
differ,9
steel,9
quickli,9
leav,9
momentarili,9
licenc,9
variabl,9
medic,9
challeng,9
baron,9
quit,9
leakag,9
lip,9
regul,9
snap,9
walk,9
depress,9
refuel,9
sharpli,9
maneuv,9
lead,9
lycom,9
maximum,9
station,9
margin,9
size,9
yellowknif,9
involv,9
properti,9
item,9
weak,9
arrow,9
pat,9
damagedth,9
purpos,9
daylight,9
deterior,9
yet,9
layer,9
magnet,9
contamin,8
overcast,8
compli,8
outsid,8
parallel,8
stub,8
convers,8
continent,8
confin,8
path,8
pearson,8
pacif,8
forgotten,8
coupl,8
juli,8
error,8
est,8
rib,8
rivet,8
roller,8
singleengin,8
ruptur,8
faa,8
hill,8
saddl,8
signal,8
faster,8
hay,8
havilland,8
happen,8
halifax,8
halfway,8
gradual,8
flang,8
flapless,8
seriou,8
shoot,8
fullstop,8
floor,8
frequenc,8
ensu,8
kamloop,8
omit,8
restrict,8
preoccupi,8
craft,8
present,8
crosscountri,8
cyeg,8
process,8
cytz,8
psi,8
month,8
qualifi,8
mixtur,8
micro,8
rebel,8
soon,8
displac,8
lone,8
driven,8
lodg,8
life,8
licens,8
length,8
led,8
render,8
employ,8
respons,8
induc,8
slight,8
windshield,8
attribut,8
cock,8
belt,8
though,8
busi,8
sun,8
achiev,8
acm,8
cam,8
backtrack,8
aero,8
alert,8
track,8
appropri,8
build,8
albert,8
approv,8
util,8
airworthi,8
agl,8
tab,8
case,8
tight,8
chose,8
surround,8
wheelski,8
transfer,8
centerlin,8
balloon,8
bore,8
bottl,8
th,8
border,8
undergo,7
aural,7
seem,7
occas,7
compens,7
explain,7
glasair,7
rang,7
mention,7
ownerpilot,7
medevac,7
certifi,7
metro,7
measur,7
capabl,7
maul,7
weathercock,7
gillam,7
extrem,7
everyth,7
ici,7
ame,7
georg,7
marker,7
injuriesth,7
overflew,7
baggag,7
creek,7
caution,7
improperli,7
motion,7
quad,7
greas,7
flow,7
cykz,7
moder,7
asl,7
withstand,7
villeneuv,7
du,7
mj,7
stage,7
lancair,7
roundout,7
far,7
known,7
otter,7
form,7
dc,7
casb,7
backward,7
deplan,7
charg,7
hs,7
co,7
unknown,7
diamond,7
describ,7
swearingen,7
alongsid,7
nb,7
difficult,7
nl,7
hope,7
unawar,7
academi,7
satc,7
june,7
disassembl,7
discuss,7
cold,7
bind,7
hanger,7
ns,7
threepoint,7
moosone,7
amber,7
detent,7
inuvik,7
tall,7
remind,7
pattern,7
detail,7
destroy,7
trigger,7
sens,7
propag,7
ambul,7
trim,7
characterist,7
elimin,7
spar,7
firm,7
central,6
import,6
newli,6
pushpul,6
annual,6
unprepar,6
runup,6
nearli,6
neglect,6
cb,6
said,6
mustang,6
rw,6
cent,6
muskoka,6
cyxx,6
navion,6
much,6
april,6
cyx,6
help,6
hundr,6
natur,6
wide,6
apprentic,6
cysn,6
profici,6
commanch,6
pylon,6
restart,6
want,6
reduct,6
loosen,6
look,6
better,6
jump,6
reinstal,6
relay,6
taxii,6
discontinu,6
liner,6
bird,6
thoma,6
blew,6
arnprior,6
thick,6
kenora,6
technician,6
resist,6
kingston,6
thereaft,6
ductil,6
snowmobil,6
telephon,6
doubl,6
bravo,6
branch,6
tensil,6
baulk,6
lurch,6
rectifi,6
recreat,6
wheelskiequip,6
spur,6
catharin,6
mlg,6
cast,6
dark,6
date,6
question,6
chip,6
usual,6
mine,6
rockwel,6
attend,6
rockcliff,6
chief,6
metr,6
empti,6
vain,6
val,6
northern,6
checkout,6
deplet,6
tailwind,6
variou,6
inward,6
magneto,6
burst,6
injuredth,6
rub,6
smoothli,6
franc,6
ga,6
prescrib,6
serial,6
gross,6
accident,6
accessori,6
flag,6
permiss,6
accept,6
overcent,6
occasion,6
ubolt,6
connector,6
absenc,6
fairchild,6
conduc,6
custom,6
pend,6
tricycl,6
firefight,6
search,6
got,6
potenti,6
gone,6
wrong,6
clamp,6
overrun,6
climbout,6
pag,6
transmitt,6
paint,6
sea,6
selflock,6
precis,6
super,6
yukon,6
faulti,6
abrupt,6
fullflap,6
zone,6
shore,6
tundra,6
sharp,6
compart,6
piec,6
ntsb,6
nosehigh,6
hardpack,6
pinion,6
notch,6
coordin,5
actual,5
fine,5
rim,5
react,5
axi,5
portag,5
corpor,5
act,5
mascouch,5
corn,5
corrod,5
dor,5
badli,5
shamattawa,5
latter,5
spheric,5
kelowna,5
langley,5
carburetor,5
brantford,5
secondari,5
rocki,5
might,5
fog,5
thrust,5
floatequip,5
cardin,5
mf,5
glider,5
dog,5
countri,5
postcrash,5
breakag,5
pitot,5
overw,5
aeronca,5
auxiliari,5
rise,5
injuriesa,5
oxford,5
mani,5
intermedi,5
earli,5
fulldown,5
behind,5
stump,5
soil,5
vernon,5
slope,5
directli,5
locknut,5
judg,5
conflict,5
respect,5
code,5
fredericton,5
teardown,5
flathead,5
photograph,5
play,5
tear,5
physic,5
abruptli,5
display,5
bundl,5
bearskin,5
wall,5
reconnect,5
dock,5
account,5
button,5
pelican,5
therebi,5
waterloowellington,5
kit,5
veloc,5
bushmast,5
teeth,5
resolv,5
boe,5
socket,5
diamet,5
broadcast,5
collar,5
duplic,5
softfield,5
zodiac,5
beach,5
militari,5
amphibian,5
outward,5
qualiti,5
upward,5
traine,5
necessit,5
old,5
unlight,5
tore,5
cyqb,5
grind,5
transmit,5
airfield,5
wooden,5
sightse,5
tillsonburg,5
anticip,5
torontobuttonvil,5
oppos,5
step,5
qrh,5
arrest,5
monitor,5
squat,5
routin,5
sthubert,5
cyqr,5
obstacl,5
celsiu,5
told,5
name,5
cyth,5
nautic,5
navig,5
lac,5
obscur,5
curl,5
cultiv,5
unhurt,5
alon,5
ignit,5
pullup,5
carp,5
sixth,5
mud,5
unlatch,5
stick,5
protect,5
aluminum,5
cypq,5
wheelequip,5
oscil,5
trap,5
torontolest,5
strap,5
hidden,5
sure,5
poweron,5
quick,5
amount,5
misrig,5
entir,5
cranbrook,5
extra,5
mismatch,5
transwest,5
cgmfc,5
organ,5
privatelyown,5
highway,5
chilliwack,5
cynj,5
grassi,5
quickreleas,5
sa,5
thunderstorm,5
surg,5
eas,4
simpli,4
drill,4
haul,4
hammer,4
handbook,4
runwayth,4
resum,4
brunswick,4
territori,4
focus,4
footlong,4
think,4
eagl,4
hawker,4
satisfactori,4
hull,4
sandspit,4
toler,4
slush,4
flex,4
knee,4
harder,4
harden,4
rust,4
foul,4
truss,4
shallow,4
fortyf,4
bring,4
rush,4
residu,4
shape,4
upcom,4
turbo,4
knob,4
know,4
unless,4
harv,4
repressur,4
rerig,4
reposit,4
extern,4
scale,4
januari,4
shortcircuit,4
undamag,4
rightwinglow,4
skiaxl,4
treatment,4
underbelli,4
cancel,4
camp,4
geraldton,4
unexpectedli,4
skynorth,4
fin,4
gentli,4
unfeath,4
intact,4
favour,4
inadvertantli,4
usa,4
slot,4
fifth,4
cgnaa,4
goderich,4
inexperienc,4
energi,4
travers,4
inflat,4
thrubolt,4
feel,4
seen,4
gp,4
exterior,4
skycar,4
entranc,4
usabl,4
catharinesniagara,4
improv,4
interf,4
ceb,4
scoop,4
tractor,4
retriev,4
jar,4
jet,4
cea,4
ceil,4
interfer,4
ident,4
guard,4
fresh,4
freight,4
rubber,4
freeli,4
fals,4
ultravia,4
ja,4
serious,4
fix,4
evalu,4
rouyn,4
roughli,4
review,4
gaug,4
shower,4
rotor,4
slack,4
errat,4
seminol,4
cach,4
gearsaf,4
throughout,4
begun,4
stubbl,4
tailwheelequip,4
wedg,4
delta,4
adapt,4
averag,4
cornwal,4
drain,4
apart,4
memori,4
pant,4
spindl,4
american,4
supervis,4
deeper,4
michigan,4
audibl,4
parri,4
ndt,4
summer,4
starvat,4
major,4
swan,4
mandatori,4
william,4
acknowledg,4
spark,4
destruct,4
ap,4
patrol,4
map,4
champion,4
march,4
object,4
charlottetown,4
polic,4
overhead,4
sponson,4
overh,4
courier,4
spun,4
muddi,4
arrang,4
punctur,4
czvl,4
aip,4
armatur,4
czba,4
orbit,4
preclud,4
crop,4
white,4
aircraftth,4
apron,4
cyyb,4
sprocket,4
oldsdidsburi,4
quantiti,4
offici,4
odour,4
rail,4
courtesi,4
swift,4
overcorrect,4
airwork,4
stopandgo,4
mistak,4
output,4
publish,4
crane,4
spread,4
cyuy,4
mission,4
pembrok,4
aircaft,4
penetr,4
cone,4
steinbach,4
abil,4
collingwood,4
compar,4
primarili,4
primari,4
colleg,4
pile,4
blown,4
submerg,4
nu,4
reliev,4
team,4
sudburi,4
blind,4
bomb,4
bombardi,4
norman,4
temporarili,4
snag,4
brandon,4
bow,4
abandon,4
landingth,4
pipe,4
downdraft,4
common,4
dougla,4
lap,4
amo,4
tell,4
color,4
cyhm,4
sudden,4
stiff,4
list,4
window,4
shim,4
studi,4
studentpilot,4
dip,4
access,4
nipawin,4
zero,4
dig,4
cochran,4
beacon,4
cushion,4
consum,4
consol,4
relief,4
bishop,4
plow,4
battleford,4
pertin,4
cymo,4
disintegr,4
photo,4
unfortun,3
noseup,3
nw,3
prevail,3
ny,3
airflow,3
wobbl,3
satisfi,3
alli,3
pretakeoff,3
school,3
greater,3
wingdown,3
oct,3
unicom,3
sault,3
allison,3
handpump,3
handcrank,3
offer,3
alta,3
gs,3
primer,3
nov,3
winter,3
noth,3
groov,3
grob,3
lachut,3
undergon,3
option,3
frame,3
pelli,3
gcb,3
percent,3
septil,3
furrow,3
ultim,3
personel,3
session,3
twothird,3
zeroon,3
phone,3
abras,3
pilatu,3
accur,3
pilotinstructor,3
aboard,3
pimichikamac,3
format,3
turbin,3
forget,3
forceland,3
pine,3
pit,3
tug,3
fod,3
flypast,3
gcbc,3
pole,3
se,3
underway,3
unfavour,3
preced,3
unfamiliar,3
orient,3
orillia,3
preaccid,3
ago,3
govern,3
afterward,3
gopher,3
undetect,3
wunnumin,3
god,3
patuanak,3
globe,3
xl,3
postaccid,3
glare,3
yard,3
adt,3
add,3
york,3
particular,3
partli,3
gearunsaf,3
gearth,3
hardsurfac,3
apach,3
windsock,3
buzzer,3
reciproc,3
recogn,3
mainli,3
barrel,3
isol,3
basic,3
iv,3
verif,3
vermilion,3
walkaround,3
beaver,3
beforeland,3
jolt,3
regardless,3
bulb,3
waterlooguelph,3
manganes,3
met,3
bypass,3
merlin,3
memor,3
medicin,3
avco,3
mcmurray,3
canopi,3
campbel,3
backup,3
vari,3
cambridg,3
markham,3
mari,3
balanc,3
interior,3
wawa,3
loch,3
bfl,3
volpar,3
liquid,3
lesag,3
kingair,3
boater,3
lefthand,3
least,3
violent,3
kitfox,3
rent,3
book,3
lat,3
briefli,3
reproduc,3
lane,3
bound,3
labrador,3
boat,3
lester,3
bna,3
lie,3
restraint,3
lindsay,3
restor,3
keel,3
reli,3
lifejacket,3
vision,3
resolut,3
brook,3
bronz,3
reloc,3
bronson,3
blue,3
kia,3
risk,3
welland,3
harvard,3
certain,3
never,3
ne,3
protrud,3
prove,3
nation,3
hung,3
cen,3
nanchang,3
pst,3
icecov,3
namao,3
public,3
wiarton,3
puddl,3
ceas,3
anthoni,3
antenna,3
info,3
nightfal,3
hat,3
windscreen,3
unnot,3
analys,3
hazard,3
hd,3
analyz,3
unsur,3
product,3
nonrevenu,3
highcycl,3
noninflat,3
nonfli,3
andor,3
cez,3
muskrat,3
pulley,3
iia,3
iii,3
inclus,3
misfir,3
ast,3
incorpor,3
mirabel,3
radar,3
independ,3
westerli,3
radiu,3
midway,3
care,3
midland,3
mid,3
metallurg,3
influenc,3
assur,3
quesnel,3
castlegar,3
cavok,3
mst,3
ms,3
cck,3
purchas,3
ar,3
arc,3
wheelwel,3
mk,3
montrealpierr,3
root,3
wheelsdown,3
mn,3
catalogu,3
mm,3
flyer,3
aa,3
stone,3
suspens,3
disabl,3
task,3
culvert,3
stol,3
cursori,3
tie,3
sthyacinth,3
entangl,3
februari,3
sustanti,3
entri,3
cyee,3
dimens,3
cygk,3
circumst,3
fatiguegener,3
taper,3
diffus,3
southeast,3
cyhz,3
cyka,3
fallow,3
cymx,3
fallen,3
cynd,3
travelair,3
tax,3
cyoo,3
thump,3
shudder,3
suppress,3
district,3
trenton,3
embrittl,3
crab,3
clarenvil,3
distort,3
findingsupd,3
solid,3
cl,3
stratford,3
dismantl,3
filter,3
film,3
creebec,3
cjl,3
tbm,3
survey,3
cja,3
crosssect,3
stow,3
skybolt,3
stopov,3
somewhat,3
space,3
tilt,3
supervisori,3
cyxu,3
cyyc,3
staggerw,3
spill,3
extensionretract,3
czbb,3
dac,3
daili,3
sr,3
dam,3
squar,3
tooth,3
springload,3
damageth,3
torontobilli,3
expos,3
dauphin,3
dawson,3
torontoc,3
explan,3
expedit,3
deactiv,3
debri,3
chibougamau,3
sport,3
chieftain,3
simultan,3
deic,3
erupt,3
delay,3
dew,3
chain,3
cyqa,3
descript,3
depth,3
fair,3
simco,3
swath,3
tn,3
startup,3
trace,3
toad,3
tr,3
cysb,3
factori,3
evidenc,3
facilit,3
facial,3
cyt,3
cytb,3
cyul,3
cyvc,3
cyvk,3
cyvt,3
togeth,3
clean,3
decemb,3
shorelin,3
ten,3
snowi,3
troisrivièr,3
cme,3
snowfal,3
closer,3
trudeau,3
correspond,3
cook,3
theresa,3
elong,3
elliott,3
econom,3
succeed,3
slipstream,3
drumhel,3
elliot,3
concret,3
ear,3
clutch,3
confus,3
sulphid,3
tendenc,3
terrac,3
easi,3
flin,3
corner,3
tsacha,3
trout,3
compact,3
convert,3
sock,3
flon,3
skyward,3
flash,3
cnc,3
ds,3
subsid,3
cgvwr,3
convent,3
fluctuat,3
badger,2
spent,2
kingfish,2
vhf,2
earlton,2
smell,2
durat,2
mcia,2
earth,2
keyston,2
await,2
delhi,2
deriv,2
specialist,2
rd,2
charli,2
rearseat,2
week,2
max,2
match,2
kick,2
dunnvil,2
killarney,2
dusk,2
mat,2
matter,2
britten,2
deposit,2
smash,2
resort,2
smear,2
chart,2
checkpilot,2
mayday,2
keyway,2
densiti,2
buck,2
rce,2
md,2
thoroughli,2
meter,2
retractedth,2
spitfir,2
joliett,2
wen,2
cheyenn,2
audio,2
mhz,2
mi,2
bulldoz,2
deem,2
bumpi,2
slip,2
job,2
splay,2
microcrack,2
jettison,2
middl,2
chicoutimisthonoré,2
midlandhuronia,2
midpoint,2
retractionextens,2
meteorolog,2
jul,2
cheroke,2
melt,2
avid,2
kbtv,2
slower,2
kasba,2
dehavilland,2
smith,2
buffet,2
checkrid,2
degrad,2
easterli,2
autorot,2
messag,2
weldment,2
spin,2
chemic,2
eastern,2
eccentr,2
deflect,2
rand,2
deflat,2
buildup,2
ranch,2
margare,2
bob,2
marathon,2
bevel,2
booster,2
vital,2
lightli,2
teledyn,2
vitalact,2
relev,2
bit,2
someth,2
tubular,2
discomfort,2
biplan,2
landng,2
bill,2
discern,2
disappear,2
litr,2
tend,2
lndg,2
voyageur,2
sooner,2
regularli,2
spool,2
br,2
blanket,2
boom,2
reopen,2
dnd,2
sod,2
remaind,2
leonard,2
disturb,2
lesson,2
ledg,2
divers,2
bogi,2
learn,2
let,2
lethbridg,2
lieu,2
lean,2
bonnet,2
leveloff,2
dome,2
teardrop,2
disrupt,2
lb,2
lh,2
rental,2
layov,2
downward,2
soot,2
rebuild,2
berm,2
dryden,2
recurr,2
recur,2
wasaya,2
lyncrest,2
macdonaldcarti,2
mackenzi,2
barrieorillia,2
dhct,2
magnitud,2
knew,2
dfte,2
rememb,2
smither,2
spade,2
span,2
malibu,2
chafe,2
kitchenerwaterloo,2
baie,2
bagotvil,2
desir,2
victor,2
lpi,2
lowvoltag,2
reengag,2
waco,2
replica,2
lockwir,2
benefit,2
drainag,2
logbook,2
director,2
longez,2
longitudin,2
sorel,2
sn,2
beisek,2
knoll,2
diod,2
diminish,2
smoother,2
lab,2
lot,2
kr,2
droop,2
knownupd,2
smokey,2
tarmac,2
cfwjm,2
mound,2
chilko,2
aerotechnik,2
clearli,2
overfli,2
clevis,2
counteract,2
postflight,2
overli,2
overrelief,2
overrid,2
couldnt,2
overs,2
aff,2
af,2
cotterpin,2
overtighten,2
coyot,2
aerospac,2
ow,2
owen,2
aeronaut,2
superior,2
oxid,2
yak,2
closest,2
pan,2
ae,2
closur,2
corporatelyown,2
portabl,2
postoccurr,2
afternoon,2
radom,2
strand,2
offstrip,2
ohio,2
oklahoma,2
preoccurr,2
storm,2
preload,2
airdri,2
wood,2
onequart,2
ongo,2
aircraftan,2
optic,2
cjf,2
aicraft,2
strengthen,2
precaut,2
cree,2
strang,2
other,2
wrap,2
otherwis,2
agenc,2
ottawagatineau,2
ottawamcia,2
age,2
powerassist,2
stream,2
outlin,2
advisori,2
parachut,2
poplar,2
collapsedth,2
penticton,2
peopl,2
cnv,2
plug,2
consumpt,2
accomod,2
coars,2
perman,2
coastal,2
coat,2
conserv,2
sturgeon,2
subaru,2
compression,2
adm,2
composit,2
pierr,2
complianc,2
collect,2
pilotincommand,2
substitut,2
compass,2
abeam,2
pinch,2
comp,2
commut,2
collis,2
comeau,2
cnu,2
stud,2
cnp,2
contract,2
stronger,2
paramed,2
clump,2
actuatorswitch,2
corman,2
clunk,2
partt,2
passag,2
yorkton,2
polyest,2
yt,2
cool,2
sunlight,2
paul,2
acro,2
pavement,2
pax,2
pc,2
pdt,2
cni,2
peak,2
pneumat,2
contributori,2
sunk,2
contrari,2
contractor,2
pele,2
cse,2
offload,2
csh,2
cyvd,2
jaw,2
cyzx,2
staff,2
cyxz,2
cyxl,2
mub,2
muffl,2
multi,2
muni,2
cywl,2
cyvz,2
cyvo,2
musket,2
cytl,2
anyway,2
psru,2
cysh,2
narr,2
width,2
cysf,2
nav,2
proxim,2
navi,2
cyrq,2
protrus,2
cyrc,2
cyqk,2
aor,2
motorcyclist,2
mostli,2
morn,2
moos,2
radiat,2
dec,2
westjet,2
weyburn,2
minu,2
at,2
debert,2
taildragg,2
mishap,2
wheelbarrow,2
dash,2
dangl,2
assign,2
mistakenli,2
mistook,2
mitchinson,2
dampen,2
springdal,2
mod,2
modif,2
wheelshap,2
ascertain,2
momentari,2
damagean,2
chosen,2
qualicum,2
cztm,2
cyqi,2
need,2
stoni,2
citat,2
cyh,2
cygq,2
ammet,2
steen,2
cirru,2
cycw,2
cyclist,2
nova,2
print,2
alter,2
nq,2
citabria,2
cutoff,2
nurs,2
prospect,2
aloft,2
cite,2
nwt,2
alkan,2
obviou,2
cue,2
occupantsth,2
albani,2
alaska,2
cub,2
octob,2
odor,2
offairport,2
amp,2
norwood,2
norway,2
cyhu,2
cyqf,2
anyth,2
nelson,2
network,2
prophet,2
statu,2
newer,2
cypm,2
newstyl,2
nf,2
nieuport,2
cypg,2
cypa,2
announc,2
nine,2
cyow,2
propair,2
windmil,2
ste,2
anchor,2
steadi,2
cylw,2
cykg,2
ana,2
cykf,2
cyiv,2
amphibiousfloat,2
jazz,2
cgycj,2
hesit,2
incomplet,2
environ,2
fear,2
siez,2
castel,2
explos,2
entrap,2
gea,2
sdrentryd,2
singleseat,2
fish,2
rodend,2
substain,2
helio,2
sept,2
cgnih,2
gatineau,2
skii,2
unus,2
enlarg,2
cgmbb,2
uranium,2
finish,2
sem,2
erco,2
grant,2
cfbaq,2
sierra,2
expir,2
catch,2
saac,2
room,2
highspe,2
send,2
unchang,2
highland,2
cgcvm,2
gather,2
septemb,2
rippl,2
flagman,2
encor,2
fuse,2
torsion,2
fixat,2
furthermor,2
employe,2
groundair,2
fullup,2
roadway,2
car,2
injuredan,2
sainthubert,2
capsiz,2
flame,2
empennag,2
valdor,2
cgoso,2
unsecur,2
skip,2
gallon,2
greaser,2
unauthor,2
express,2
individu,2
cfihe,2
scuf,2
utva,2
greenston,2
safetoland,2
greenwood,2
industri,2
cargair,2
inertia,2
gain,2
heavier,2
thud,2
rope,2
feder,2
finger,2
glideslop,2
gouvern,2
transvers,2
ideal,2
exfoli,2
fic,2
centralia,2
hot,2
row,2
goug,2
centrifug,2
centurion,2
rouynnoranda,2
cdt,2
tm,2
tl,2
fifti,2
hover,2
underneath,2
unclear,2
sector,2
hump,2
hummock,2
fhhq,2
sechelt,2
golden,2
cgjkm,2
cem,2
goe,2
exact,2
excurs,2
tofield,2
fibreglass,2
cellphon,2
undersurfac,2
cell,2
hudson,2
expand,2
hors,2
tiojbd,2
hoist,2
implement,2
cfmgj,2
seizur,2
experiment,2
fillet,2
cfanx,2
geometri,2
cfn,2
seep,2
grace,2
cavali,2
erron,2
cgbht,2
gentl,2
skew,2
rose,2
rva,2
upgrad,2
gjoa,2
undul,2
rusti,2
ccp,2
glass,2
imbed,2
certif,2
especi,2
cc,2
sixti,2
roughrun,2
transpond,2
hood,2
rutan,2
fight,2
fighter,2
gland,2
scotia,2
scratch,2
skydiv,2
cftmx,2
elast,2
tsh,2
fonddulac,2
gump,2
sheet,2
intens,2
skyvan,2
hart,2
integr,2
intak,2
uninjuredth,2
unload,2
cfyel,2
investigationupd,2
followup,2
shop,2
hartzel,2
scatter,2
shank,2
slave,2
flexibl,2
sleep,2
hast,2
twilight,2
sleev,2
revelstok,2
institut,2
guelph,2
fairli,2
sheer,2
tuktoyaktuk,2
gusset,2
element,2
tskr,2
vector,2
cadet,2
forcedland,2
vbrace,2
floatplan,2
unmesh,2
harbour,2
unnam,2
cfeqk,2
footboard,2
foreign,2
shearwat,2
uninjuredmainten,2
threequart,2
forestri,2
unimprov,2
unijur,2
veget,2
ride,2
intercost,2
calgaryspringbank,2
aaib,2
shoal,2
hardisti,2
callout,2
cfvjc,2
eye,2
cfhhq,2
shake,2
innisfail,2
canwest,2
burnt,2
twopoint,2
itinerari,2
itran,2
flapsth,2
emb,2
egph,2
inlet,2
cfx,2
halv,2
foam,2
injuryth,2
cfslz,2
skyhopp,2
silenc,2
shield,2
grumman,2
injuriesmainten,2
hamlin,2
capac,2
jacket,2
typic,2
shift,2
cfwje,2
unidentifi,2
cghir,2
satisfactorili,2
injuriesan,2
flutter,2
issuanc,2
interv,2
fleet,2
true,2
valley,2
valu,2
inspector,2
freefal,2
shelter,2
freez,2
twinengin,2
vent,2
cfymi,2
iqaluit,2
irregular,2
els,2
unnecessari,2
inoper,2
touchdownth,2
stationari,1
pretens,1
saulnier,1
prot,1
sc,1
wife,1
sb,1
undoubtedli,1
trapper,1
stipul,1
stolequip,1
prestolit,1
uninjuredwhen,1
sussex,1
sway,1
savari,1
univair,1
stjohn,1
stolen,1
uninjuri,1
satt,1
propstrik,1
stirl,1
winnipeglyncrest,1
pretest,1
traplin,1
save,1
univers,1
static,1
seawind,1
sealant,1
wiggl,1
stinson,1
scenic,1
screen,1
windi,1
problemit,1
propelleran,1
unharmedmainten,1
stcatherin,1
propellerand,1
propellerit,1
sdn,1
transceiv,1
pro,1
silver,1
propellersaft,1
sight,1
problemlat,1
sigmet,1
prestart,1
proir,1
windowsth,1
scott,1
unhurtupd,1
steannedesmont,1
sw,1
sutton,1
promptli,1
unidirect,1
trailer,1
signalth,1
silent,1
trajectori,1
transbord,1
procedurea,1
steepen,1
steeper,1
propellersth,1
seaplan,1
stettler,1
stgeorg,1
sthonor,1
statut,1
pri,1
sticki,1
transpfer,1
stephenvil,1
searey,1
wigwag,1
winnipegjam,1
scan,1
stiffli,1
season,1
program,1
scar,1
steeperthannorm,1
wingslevel,1
windsth,1
unfinish,1
wingaft,1
uniformli,1
steepli,1
scare,1
propellerupd,1
unfasten,1
williston,1
wingth,1
sustanin,1
swam,1
stcatharin,1
sidney,1
sidefork,1
self,1
pressuresor,1
shorten,1
ymf,1
typetrain,1
pontax,1
twoyear,1
polywog,1
polygon,1
twoway,1
struggl,1
sevenhour,1
twohour,1
poorli,1
polonia,1
twodegre,1
pollut,1
polici,1
sfa,1
shadow,1
twim,1
zanesvil,1
shale,1
ua,1
servicesgand,1
trust,1
pose,1
strobe,1
shotpeen,1
xvi,1
positionhandl,1
positionbefor,1
xy,1
unapprov,1
positionaft,1
unalt,1
stroke,1
uk,1
trottl,1
portel,1
unaid,1
ultra,1
superfici,1
yellow,1
poppedth,1
shorter,1
troublepron,1
pob,1
twelv,1
positon,1
placement,1
plausibl,1
suction,1
plate,1
sucess,1
sheetmet,1
plain,1
subtanti,1
placer,1
shirt,1
tubulartyp,1
suitablil,1
zthe,1
sherbrook,1
pl,1
zulu,1
subseq,1
ttsn,1
ship,1
zz,1
substandard,1
sud,1
sub,1
tw,1
shatter,1
pma,1
turnagain,1
sunglass,1
shockcord,1
turfdirt,1
shockbunge,1
tsay,1
plugsmainten,1
zenith,1
plu,1
style,1
turbid,1
tungsten,1
suma,1
sheath,1
tsio,1
sturdi,1
zerodegre,1
plier,1
plexiglass,1
positionth,1
unassist,1
wipair,1
workload,1
pregnant,1
prefer,1
surviv,1
predict,1
precrash,1
woodencomposit,1
segment,1
woodgreen,1
woodhors,1
shutdowncompani,1
wont,1
tread,1
precipit,1
straighten,1
preceed,1
straightinapproach,1
treecov,1
treelin,1
woven,1
surfaceth,1
shutoff,1
seebe,1
pratic,1
wish,1
undesir,1
siddeley,1
press,1
stoney,1
wirelock,1
stood,1
sick,1
undershot,1
preplan,1
withdrawn,1
shuttl,1
sedona,1
suspend,1
underli,1
stopmainten,1
wittman,1
preoccup,1
stoppag,1
suscept,1
wollaston,1
wrangel,1
unconfirm,1
stringer,1
stresscorros,1
unbroken,1
unbolt,1
unblock,1
shr,1
wv,1
postimpact,1
sep,1
triplan,1
ww,1
unavoid,1
wu,1
stretch,1
triq,1
troisrivier,1
septîl,1
unattach,1
xp,1
supersed,1
xray,1
ser,1
suppos,1
postion,1
provision,1
powerdur,1
straubel,1
uncommand,1
ppfound,1
selkirk,1
ppc,1
pp,1
powerpak,1
poweroff,1
wrist,1
trench,1
postland,1
semiextend,1
powel,1
streamlin,1
senaca,1
pothol,1
senica,1
posttakeoff,1
sensit,1
unbuckl,1
starter,1
retractor,1
startedcausesth,1
skiwheelequip,1
thrush,1
sometim,1
taxiout,1
roberv,1
robin,1
vmc,1
volksplan,1
roch,1
son,1
voltag,1
reinspect,1
throw,1
reinforc,1
reindeer,1
vortex,1
skiwheel,1
rockliff,1
skirt,1
vp,1
regular,1
skiplan,1
vsl,1
solv,1
vacat,1
utc,1
throught,1
remedi,1
teeni,1
remark,1
remainng,1
rip,1
technolog,1
visabl,1
skyboy,1
relock,1
softer,1
riviereduloup,1
vagabond,1
rivièr,1
reload,1
tea,1
te,1
solut,1
rk,1
tcee,1
visit,1
rmain,1
rnav,1
vt,1
usn,1
rime,1
southwest,1
reductionth,1
tape,1
tap,1
tanker,1
reducedinvestig,1
warninform,1
wasau,1
southerli,1
southern,1
skiangl,1
ropeti,1
redund,1
soybean,1
wasbusk,1
tiller,1
spa,1
washington,1
recours,1
washroom,1
waskaganish,1
recontact,1
rosseau,1
souri,1
reec,1
vulcan,1
tier,1
user,1
vulner,1
skinsmainten,1
wa,1
wabasca,1
tasiujaq,1
roger,1
wabush,1
wabusk,1
role,1
sort,1
tightli,1
soul,1
refus,1
wake,1
tighten,1
reflect,1
refil,1
romain,1
ref,1
reestablish,1
wamair,1
rimouski,1
virdenrj,1
wasthen,1
vickerssupermarin,1
threeposit,1
revis,1
revolut,1
rework,1
reykjavikkeflavik,1
smaller,1
resid,1
smallest,1
slap,1
veeer,1
slab,1
thermal,1
research,1
vear,1
ribbon,1
smithorr,1
requisit,1
theori,1
vasi,1
skywagon,1
richardson,1
victoriavil,1
sm,1
slushi,1
republ,1
sloppi,1
thpe,1
thousand,1
threeblad,1
slgm,1
retractioncollaps,1
threefoothigh,1
verbal,1
retractfind,1
threegreen,1
slipperi,1
threehour,1
slushcov,1
retakeoff,1
reus,1
slew,1
rev,1
vest,1
thorough,1
restrain,1
threeleg,1
slash,1
slung,1
vike,1
thaw,1
remnant,1
soak,1
repaira,1
temporari,1
snowclear,1
vancouverboundari,1
viller,1
teleflex,1
van,1
repaint,1
reorient,1
thresholdth,1
rightsid,1
rigger,1
skyjet,1
valid,1
vincent,1
renegrad,1
removedther,1
sob,1
virden,1
socata,1
social,1
throttlegear,1
snowbankboth,1
repairsa,1
threequartersdown,1
reportcgfyn,1
representit,1
textron,1
reportupd,1
tetealabalein,1
reportth,1
reportsummaryth,1
villag,1
rie,1
testingtodestruct,1
terri,1
snare,1
repairupd,1
skyservic,1
skyquest,1
replic,1
repli,1
skymast,1
replenish,1
vario,1
vanderhoof,1
repet,1
snowat,1
tango,1
upwind,1
starbuck,1
unrestrain,1
sputter,1
squadron,1
squall,1
unspecifi,1
squamish,1
unscratch,1
unrestrict,1
squeez,1
wheelsonli,1
saint,1
tostrik,1
unstuck,1
saintjean,1
pirep,1
systemsno,1
salmon,1
pwr,1
srh,1
puslinch,1
ss,1
systemat,1
pushtoreset,1
unstrap,1
unsuccessfulth,1
unreli,1
queri,1
weyman,1
saab,1
whch,1
saat,1
spr,1
quicki,1
tabl,1
untest,1
spreader,1
systemupd,1
safari,1
springbankcalgari,1
quem,1
queen,1
systemth,1
unten,1
safedown,1
quarter,1
unsynchron,1
quamichan,1
wheeler,1
systemsupd,1
pushrod,1
touchdownno,1
wetaskiwin,1
standbyth,1
wi,1
saratoga,1
sylvair,1
puck,1
sydneyja,1
switzerland,1
pt,1
unmanoeuver,1
sasair,1
sask,1
unlimit,1
toughdown,1
towerpost,1
saskatoonjohn,1
stanfield,1
towerth,1
prudent,1
starboard,1
town,1
tpeua,1
similiar,1
similarrelevantcontrol,1
tour,1
whose,1
pushbackth,1
touchdwon,1
sampl,1
syndic,1
pushback,1
wherea,1
wherebi,1
sandcov,1
whiplash,1
stabliz,1
sandgravel,1
whitehors,1
sandi,1
simplifi,1
toucheddown,1
toughandgo,1
stain,1
stair,1
stake,1
stalk,1
simpson,1
whole,1
puma,1
symmetr,1
sinkhol,1
québecjean,1
wastim,1
toeingin,1
takeff,1
uptod,1
reattach,1
tipsth,1
upth,1
tailwheeltyp,1
rearm,1
spectat,1
weakest,1
toe,1
reappli,1
rebound,1
upstop,1
spectrum,1
sixfoot,1
web,1
rt,1
toeout,1
spend,1
realiti,1
weigh,1
read,1
roundrobin,1
timiskam,1
toew,1
timeth,1
watch,1
recoil,1
spacer,1
rotax,1
reciev,1
timedepend,1
waterbomb,1
recheck,1
waterdown,1
waterloo,1
receipt,1
rebuilt,1
tamper,1
talk,1
watermassena,1
takingoff,1
takeoffth,1
sixtoeightinch,1
watervil,1
recap,1
takeoffstouchdown,1
wawota,1
reaction,1
sitidgi,1
québecneuvil,1
updown,1
spit,1
tailhigh,1
ram,1
torontoisland,1
torontolbpia,1
rainshow,1
split,1
westbound,1
uphil,1
railway,1
sponsonfuel,1
taillow,1
rae,1
updateth,1
sporad,1
updatemainten,1
rwytechn,1
sportstar,1
upcontrol,1
rack,1
rxx,1
westwind,1
wellandniagara,1
spirit,1
upsid,1
runwaydur,1
rcc,1
weightoffthewheel,1
runout,1
rc,1
ravin,1
ravensho,1
runwaya,1
raven,1
runwayaft,1
weightonthewheel,1
runwayh,1
tomahawk,1
raspberri,1
rapidlyapproach,1
toggl,1
weightonwheel,1
sit,1
tailupd,1
ranger,1
siphon,1
toluchdown,1
uprightexamin,1
qb,1
intrus,1
pipelin,1
cgtnf,1
cgsnm,1
cgsrl,1
cgsrw,1
cgswg,1
cgsxp,1
cgsyi,1
cgtcg,1
cgtew,1
cgtgz,1
cgtiv,1
cgtju,1
cgtpb,1
cgser,1
cgtrx,1
cgtti,1
cgtwf,1
cgtxh,1
cgtxw,1
cgueb,1
cguse,1
cguwo,1
cgvcd,1
cgvci,1
cgvck,1
cgsgd,1
cgsau,1
choppi,1
cgqsp,1
cgpgla,1
cgphj,1
cgphk,1
cgphv,1
cgpiq,1
cgpkg,1
cgpmt,1
cgpow,1
cgptv,1
cgptx,1
cgqbg,1
cgqum,1
cgsaa,1
cgqv,1
cgqyi,1
cgrgo,1
cgrgr,1
cgrih,1
cgrlv,1
cgrpp,1
cgrtc,1
cgrvw,1
cgrxx,1
cgrzq,1
cgvka,1
cgvpu,1
cgvsg,1
charlo,1
cgzfyprovision,1
cgzjb,1
cgzkw,1
cgzmv,1
cgzot,1
cgzwr,1
cha,1
chaft,1
champ,1
changeov,1
charlevoix,1
charlott,1
cgvv,1
charlottown,1
chatham,1
chathamk,1
chehaliscentralia,1
cherri,1
chevrolet,1
chime,1
chinook,1
chipewyan,1
chipman,1
chock,1
cgzaj,1
cgyzz,1
cgyyk,1
cgyvh,1
cgwau,1
cgwbd,1
cgwcz,1
cgwgi,1
cgwhx,1
cgwiy,1
cgwnt,1
cgwsl,1
cgwyb,1
cgxit,1
cgxmx,1
cgxnl,1
cgxoq,1
cgxpk,1
cgyam,1
cgyfc,1
cgygg,1
cgyhn,1
cgyjo,1
cgyqk,1
cgyqm,1
cgyt,1
cgytm,1
cgpfg,1
cgou,1
cgosr,1
cgfyn,1
cgdqu,1
cgdvd,1
cgdzj,1
cgefi,1
cgefx,1
cgene,1
cgetc,1
cgeuy,1
cgfgl,1
cgfqc,1
cgfwt,1
cggak,1
cghkn,1
cggbf,1
cggbr,1
cggbx,1
cgger,1
cggjb,1
cggqx,1
cggxg,1
cggzw,1
cghbm,1
cghcx,1
cghgr,1
cgdqf,1
cgdk,1
cgdgk,1
cgdfx,1
cgbdn,1
cgbeb,1
cgbji,1
cgbkk,1
cgblb,1
cgboi,1
cgbrb,1
cgbwm,1
cgbyb,1
cgcb,1
cgccu,1
cgce,1
cgci,1
cgcmr,1
cgcnj,1
cgctg,1
cgctl,1
cgcur,1
cgcvv,1
cgdcw,1
cgdda,1
cgddx,1
cgdfp,1
cghim,1
cghpr,1
cgomg,1
cglpo,1
cgktj,1
cgkuf,1
cglac,1
cglc,1
cgldk,1
cglfi,1
cglhp,1
cglif,1
cglkt,1
cgllf,1
cglnb,1
cglro,1
cghtn,1
cgmid,1
cgmkr,1
cgmse,1
cgmsf,1
cgmtu,1
cgmvm,1
cgnfd,1
cgnrm,1
cgnsz,1
cgohd,1
cgomf,1
cgkja,1
cgkgf,1
cgkga,1
cgkbn,1
cghuj,1
cghyn,1
cgiba,1
cgigb,1
cgihx,1
cgilj,1
cgind,1
cging,1
cgiog,1
cgipo,1
cgixm,1
cgjbl,1
cgjfe,1
cgjff,1
cgjgd,1
cgjhw,1
cgjii,1
cgjka,1
cgjkx,1
cgjml,1
cgjod,1
cgkay,1
cgkbl,1
choker,1
christen,1
deduc,1
cyfd,1
cybc,1
cybl,1
cybr,1
cybu,1
cycc,1
cycd,1
cyck,1
cycletyp,1
cydq,1
cyfa,1
cyfb,1
cygl,1
cyag,1
cygnet,1
cyl,1
cyll,1
cymm,1
cyne,1
cyoq,1
cypl,1
cypw,1
cyq,1
cyqd,1
cyqg,1
cyav,1
cx,1
churchil,1
cst,1
crevass,1
crewmemb,1
crimin,1
croll,1
crowbar,1
crowd,1
cruiser,1
crumpl,1
crush,1
crustcov,1
csk,1
ct,1
cv,1
ctt,1
cu,1
culmin,1
cumul,1
curb,1
curiou,1
curledb,1
curriculum,1
curtiss,1
curv,1
customari,1
cyqm,1
cyqt,1
cyqv,1
damagemainten,1
damagedcompani,1
damageddur,1
damagedfind,1
damagedin,1
damagedit,1
damagedmainten,1
damagedneith,1
damagedur,1
damagedvictoria,1
damageexamin,1
damagefaanozzzx,1
dashmount,1
cyqx,1
dassault,1
davin,1
dba,1
dcc,1
deal,1
decarbur,1
decay,1
deccelerationth,1
deceller,1
decend,1
declin,1
damageda,1
damagea,1
dakota,1
cznl,1
cyrl,1
cyrm,1
cyro,1
cyrp,1
cysa,1
cyse,1
cysg,1
cysp,1
cyta,1
cyuw,1
cyvb,1
cywm,1
cyxc,1
cyxd,1
cyxh,1
cyxj,1
cyyz,1
cyze,1
cyzf,1
cyzv,1
czam,1
czgf,1
czgi,1
crete,1
credit,1
crawl,1
climax,1
cjb,1
cju,1
cjx,1
ck,1
ckk,1
ckl,1
class,1
classif,1
clay,1
cleaner,1
clearway,1
clip,1
cockpitupon,1
clog,1
cluff,1
cm,1
cml,1
cnk,1
cnl,1
cnn,1
cnq,1
coast,1
cobden,1
cockburn,1
cj,1
cizzt,1
ciybr,1
civil,1
ciali,1
cibqf,1
cicbo,1
cicqg,1
ciecc,1
cifwp,1
cigbm,1
cigi,1
cigrj,1
cihik,1
cihvw,1
cihyk,1
ciiel,1
ciif,1
ciij,1
cijna,1
cilex,1
ciozi,1
ciruit,1
ciss,1
citaz,1
cithr,1
cityjean,1
cockpitenviron,1
coincid,1
crankshaft,1
correl,1
contempl,1
contend,1
continued,1
contrast,1
convey,1
convinc,1
coolant,1
copliot,1
cornfield,1
coronachscobey,1
corp,1
corsair,1
colaps,1
cosmet,1
cost,1
coulp,1
count,1
counter,1
cowichan,1
cozi,1
cpj,1
cpp,1
cpv,1
crackedopen,1
constrict,1
consort,1
consecut,1
conscious,1
coldsoak,1
coldwat,1
collag,1
collap,1
collapsedaft,1
collapsedexamin,1
collapsedretract,1
collapseretract,1
collasp,1
collegeaaa,1
coloni,1
comanchi,1
cometcm,1
commiss,1
commit,1
comparison,1
compet,1
compris,1
conditionsdur,1
conestogo,1
confirmationmainten,1
conform,1
conjunct,1
cgbb,1
cgbao,1
cgba,1
band,1
aérienn,1
aéroclub,1
aérotechniqu,1
backfir,1
backsid,1
baiecomeau,1
bainsvil,1
baker,1
bakerview,1
bale,1
ballast,1
banff,1
aylesford,1
bangor,1
banjo,1
bankdamag,1
banner,1
barb,1
barber,1
barbwir,1
bare,1
barrhead,1
barri,1
basi,1
aérien,1
awth,1
cgazl,1
attain,1
assiniboia,1
asssembl,1
asymmetr,1
atempt,1
athabasca,1
athabaska,1
atikokan,1
atl,1
atlant,1
atmospher,1
atr,1
attitudetechn,1
awo,1
au,1
august,1
aupaluk,1
auto,1
autoextens,1
autoextensionoff,1
automobil,1
automot,1
aux,1
availableth,1
aw,1
bassin,1
bathurst,1
battl,1
braze,1
bled,1
bleed,1
blockag,1
blowout,1
boarda,1
bodi,1
bonaventur,1
bond,1
bonnyvil,1
boss,1
bramptoncaledon,1
breakfast,1
bayaustin,1
breakthrough,1
breath,1
breez,1
bright,1
brittan,1
brittennorman,1
brittl,1
brockvil,1
brother,1
brownel,1
bu,1
blackston,1
bl,1
bilsam,1
billi,1
bayth,1
bcm,1
bdv,1
bead,1
bean,1
beauc,1
beaverdel,1
beaverton,1
beforestart,1
bele,1
bellanc,1
bellefeuil,1
bellyth,1
belong,1
bench,1
beneath,1
bentwhich,1
bernard,1
beven,1
bich,1
big,1
biggar,1
bikf,1
assi,1
asp,1
asid,1
agre,1
aeropraktl,1
affectd,1
affix,1
afloat,1
afm,1
afterland,1
aftertakeoff,1
againth,1
aggrav,1
aggress,1
agmax,1
agwagon,1
airportcyqt,1
aie,1
aim,1
airbu,1
airco,1
aircr,1
aircraftaddit,1
aircraftaft,1
aircraftcgnsl,1
aircraftupd,1
aircrfat,1
aircrft,1
aeroplan,1
aeromot,1
aerodynam,1
aerocommand,1
abbrevi,1
abitibi,1
abot,1
abrad,1
abraid,1
aca,1
acadia,1
acc,1
accompani,1
accordingli,1
acquir,1
acronym,1
activatea,1
activatecfrsb,1
actuatorhandcrank,1
acut,1
adam,1
adhes,1
adlair,1
administr,1
adventur,1
advic,1
aerobat,1
airexpress,1
airpse,1
arviat,1
approacha,1
angleofattack,1
anim,1
annunci,1
anticosti,1
antiic,1
anxieti,1
anyon,1
apex,1
appendix,1
applcat,1
apprehens,1
approx,1
airshow,1
approximatley,1
apsey,1
aquitain,1
archer,1
arctic,1
areath,1
arizona,1
armi,1
armstrong,1
art,1
arthurli,1
angel,1
andac,1
anca,1
anahim,1
airsick,1
airspac,1
airspray,1
airsprint,1
airstair,1
airworthyth,1
aklak,1
akron,1
alarm,1
allevi,1
alliston,1
alpin,1
althen,1
aluminium,1
alway,1
amateurbuild,1
ambient,1
ambigu,1
amd,1
amf,1
amiss,1
amphibiousfloatequip,1
amt,1
builderownerpilot,1
bulk,1
bur,1
cfpur,1
cfnkn,1
cfnng,1
cfnso,1
cfonq,1
cfore,1
cfozu,1
cfpcd,1
cfpcu,1
cfpfm,1
cfpfu,1
cfppe,1
cfqmv,1
cfsge,1
cfqov,1
cfrgh,1
cfril,1
cfrju,1
cfrpj,1
cfrq,1
cfrsb,1
cfrsk,1
cfsac,1
cfsaw,1
cfsda,1
cfnep,1
cfmww,1
cfmrc,1
cfmfr,1
cfiha,1
cfikx,1
cfinc,1
cfiqu,1
cfisk,1
cfiuy,1
cfiwa,1
cfizd,1
cfjbd,1
cfjka,1
cfjmf,1
cfjt,1
cfjxl,1
cfkcg,1
cfkea,1
cfkiw,1
cfkmr,1
cfkqd,1
cfkro,1
cfktr,1
cfkwe,1
cflih,1
cfmex,1
cfseb,1
cfsiz,1
cfien,1
cfypi,1
cfwkk,1
cfwqd,1
cfwzm,1
cfxcf,1
cfxkg,1
cfxkn,1
cfxmi,1
cfxyz,1
cfyem,1
cfykq,1
cfymp,1
cfyqx,1
cfskg,1
cfyvh,1
cfywg,1
cfzgn,1
cfzwd,1
cgado,1
cgadx,1
cgafr,1
cgaon,1
cgapn,1
cgaxf,1
cgaxr,1
cfwfx,1
cfwdd,1
cfwal,1
cfwak,1
cfsvc,1
cfsvp,1
cfswq,1
cftdp,1
cfteg,1
cftfu,1
cftjd,1
cftjx,1
cftsd,1
cfttw,1
cftww,1
cftxg,1
cftxo,1
cfuaq,1
cfunt,1
cfupq,1
cfuyv,1
cfv,1
cfva,1
cfvet,1
cfvle,1
cfvmi,1
cfvni,1
cfig,1
cfhzb,1
buri,1
cat,1
carbon,1
carbonfib,1
cargocarri,1
carolina,1
carpet,1
carrier,1
cartwheel,1
carvair,1
casara,1
castor,1
casual,1
causerel,1
cf,1
caviti,1
cbx,1
ccw,1
cdn,1
cej,1
celebr,1
cellular,1
cenla,1
centurian,1
cer,1
certainti,1
carberri,1
capit,1
capchat,1
cant,1
burkhart,1
burley,1
bushingslinkag,1
bushth,1
bxu,1
by,1
byhe,1
ca,1
caa,1
cacu,1
calcul,1
calgaryokotok,1
calypso,1
camdriv,1
camera,1
cameron,1
camfir,1
campsit,1
camsel,1
canadair,1
canal,1
canard,1
cano,1
cessn,1
cfaaf,1
cfhxc,1
cffwe,1
cfeqp,1
cferr,1
cfexa,1
cfeyn,1
cfeyt,1
cfezg,1
cffdg,1
cfff,1
cffgv,1
cffi,1
cffnd,1
cfgaz,1
cfaf,1
cfgcz,1
cfgdj,1
cfggj,1
cfgkd,1
cfgn,1
cfgoc,1
cfgpi,1
cfgxd,1
cfhb,1
cfhnl,1
cfhvr,1
cfeq,1
cfdzo,1
cfdou,1
cfdo,1
cfaqr,1
cfasv,1
cfatp,1
cfb,1
cfbbn,1
cfbdp,1
cfbjd,1
cfbkq,1
cfbpo,1
cfbxu,1
cfcak,1
cfcal,1
cfcbp,1
cfcfl,1
cfcgt,1
cfcj,1
cfckv,1
cfcnu,1
cfcwi,1
cfcxq,1
cfdad,1
cfdep,1
cfdjp,1
dedic,1
deerlak,1
piney,1
mag,1
lubrif,1
lumsden,1
lundar,1
luscomb,1
lutheran,1
luton,1
lwing,1
lîle,1
ma,1
madawaska,1
madefli,1
magnetawan,1
lpdrag,1
maiden,1
mainfold,1
maintenanceaft,1
maintenancemor,1
maintenc,1
maintnenac,1
makeshift,1
makoop,1
malfunt,1
mallard,1
manitoulin,1
ltdskiequip,1
lowstress,1
misinterpret,1
lockedth,1
lion,1
lit,1
llc,1
lloyd,1
lloydminst,1
lo,1
locdm,1
lockeda,1
lockeddown,1
lockedexamin,1
lockedmainten,1
lockhe,1
lowlevel,1
longeron,1
longterm,1
loran,1
lossal,1
loughborough,1
loughe,1
lourdedeblancsablon,1
lourdesdeblancsablon,1
lowcycl,1
lowcycletyp,1
lowest,1
manufacturerth,1
mapl,1
maquayan,1
migrat,1
men,1
mentor,1
mere,1
mesh,1
methodolog,1
meunier,1
mg,1
mgl,1
microscop,1
microscopi,1
midw,1
mikisew,1
maranda,1
millennium,1
min,1
minaret,1
mind,1
miner,1
mini,1
minist,1
minneapoli,1
minnedosa,1
misbehav,1
mishandl,1
membersupd,1
melvil,1
melfort,1
meet,1
marin,1
marion,1
maritim,1
marquettesawy,1
masalign,1
massena,1
matapedia,1
matheson,1
mayo,1
mbx,1
mccurdi,1
mcgiffin,1
mcgregor,1
mckinley,1
mcmurraygoug,1
mcneill,1
mea,1
meant,1
meanwhil,1
mechanismmar,1
medevacd,1
media,1
medivac,1
linson,1
ling,1
lineindoctrin,1
kaslo,1
johnsbefor,1
joli,1
joseph,1
josephburg,1
journey,1
junctur,1
jungster,1
jza,1
kangiqsujuaqwakeham,1
kasabonika,1
kaskatama,1
katana,1
kingbolt,1
keewatin,1
keh,1
kelsey,1
kelvington,1
key,1
kfll,1
kgrb,1
kill,1
killaloebonnecher,1
kilomet,1
kilometr,1
jean,1
jasperhinton,1
januaryit,1
jabiru,1
inrang,1
insecticid,1
installedth,1
instinct,1
instructon,1
intensifi,1
intercom,1
interfac,1
interim,1
internationaleinarson,1
interplan,1
interven,1
intial,1
intowind,1
introduc,1
inuit,1
invermer,1
io,1
ioaa,1
iob,1
iod,1
irrig,1
issachsen,1
kinemat,1
kingdom,1
lima,1
leftw,1
lattic,1
lauderdalehollywood,1
lawrenc,1
layup,1
lbpia,1
leader,1
leaf,1
leagu,1
leakageth,1
learjet,1
lee,1
legend,1
kinl,1
len,1
lengthen,1
lengthway,1
lens,1
lessor,1
letdown,1
leveractu,1
leverag,1
levit,1
lightsmainten,1
lillooet,1
latest,1
langenburg,1
landingther,1
landingmainten,1
kitchen,1
km,1
kmgw,1
knife,1
knock,1
knotsth,1
knotstim,1
knuckl,1
knutsford,1
kor,1
ksaw,1
ktvc,1
kusk,1
labour,1
lacer,1
lakesid,1
laketh,1
lamp,1
lanc,1
lancast,1
landeddur,1
landingfind,1
landinggear,1
misinstal,1
mislead,1
defeat,1
outofdet,1
ottawarockcliff,1
ounc,1
outard,1
outclimb,1
outcom,1
outcrop,1
outfit,1
outfitt,1
outflow,1
outlet,1
outli,1
outoflimit,1
othernil,1
outstand,1
overal,1
overboard,1
overcam,1
overhaulbombardi,1
overheat,1
overrich,1
overspray,1
overtravel,1
overweight,1
ownermainten,1
ottawacarp,1
ospeka,1
mismanag,1
oneway,1
ogilvi,1
ok,1
older,1
oldstyl,1
oliv,1
oneeighth,1
oneengineout,1
onehour,1
oneoff,1
onequarterinch,1
onetim,1
ongoingupd,1
oskikebuk,1
onset,1
onsit,1
opp,1
optionsprocedur,1
oral,1
orang,1
orca,1
ordinari,1
ore,1
orgin,1
ornithopt,1
ownerp,1
pac,1
pacer,1
phx,1
peen,1
peitenpol,1
peoria,1
percept,1
perfect,1
perfor,1
perpendicular,1
pertain,1
pf,1
ph,1
photographi,1
piaggio,1
packag,1
pic,1
pictur,1
pikangikum,1
pillow,1
pilotfli,1
pilotnotfli,1
pilotsalesman,1
pilotstud,1
pinan,1
pinehous,1
pinexamin,1
peel,1
pearcerfp,1
peac,1
pe,1
pad,1
page,1
pal,1
pangnirtung,1
panick,1
pap,1
papi,1
papoanga,1
paradrop,1
paragraph,1
parajump,1
paramet,1
parial,1
parti,1
partiallyextend,1
particl,1
passengerown,1
pastur,1
patcd,1
patch,1
patient,1
pawne,1
pbr,1
offset,1
offexamin,1
offcentr,1
nanaimo,1
mu,1
multengin,1
multiland,1
munro,1
mush,1
muskeg,1
mute,1
mutiengin,1
na,1
nacellesupd,1
nahoni,1
nanook,1
neutralposit,1
nap,1
nausea,1
navaho,1
nc,1
nca,1
nd,1
ndm,1
ndtd,1
ndu,1
nearup,1
nef,1
mow,1
moveth,1
motordriven,1
motiv,1
misread,1
missinippi,1
missionairi,1
mist,1
mistaken,1
mitchel,1
mitsubishi,1
mix,1
modul,1
montana,1
montjoli,1
montmagni,1
montney,1
montrealdorv,1
montrealmirabel,1
montrealsthubert,1
montréal,1
montréalmirabel,1
montréalsthubert,1
moran,1
morgantownmunicipalwalt,1
morri,1
mosqu,1
negat,1
neuvil,1
ocurr,1
nth,1
noselow,1
nosemainten,1
nosesect,1
notamd,1
notd,1
notesan,1
notupd,1
novemb,1
np,1
nsedown,1
nsw,1
ntsbsr,1
nevertheless,1
nutbolt,1
nv,1
nwh,1
nx,1
oblong,1
observationth,1
ocb,1
occupantscompani,1
occurrenceaft,1
occurrenceexamin,1
occurrenceth,1
noseinvestig,1
nosed,1
northwright,1
northway,1
nfb,1
nhk,1
nick,1
nineti,1
ninth,1
nippl,1
nk,1
nlg,1
nlm,1
nlp,1
nmc,1
nne,1
nolinor,1
non,1
nonapprov,1
nonessenti,1
nonstandard,1
nonswimm,1
nonvis,1
nordo,1
northeast,1
northeasterli,1
northerli,1
inquir,1
injurygood,1
injuriespreliminari,1
excel,1
erect,1
erin,1
erod,1
escort,1
eskar,1
esker,1
evaluationth,1
evolut,1
ewg,1
exactli,1
exam,1
excit,1
eras,1
exclus,1
exemplar,1
expert,1
exploit,1
explor,1
extendedaft,1
extendingfind,1
extendretract,1
extenxs,1
extract,1
extraordinarili,1
ercoup,1
equal,1
injuriesit,1
embraer,1
electricmotor,1
electrolyt,1
electromechan,1
electron,1
eleven,1
elisi,1
elit,1
elk,1
elko,1
em,1
embed,1
embrun,1
epoxi,1
emergencey,1
energ,1
enginedriven,1
enginepropellor,1
enginesand,1
enginesth,1
england,1
enhanc,1
enquir,1
entitl,1
environment,1
fa,1
fade,1
failedth,1
flatten,1
firmli,1
fittingnos,1
fittingth,1
fittment,1
fivepoint,1
fiveyear,1
fl,1
flameoutth,1
flapsup,1
flashlight,1
flatb,1
flesherton,1
failedupd,1
flght,1
flicker,1
flig,1
fligh,1
flightexec,1
flightplan,1
flock,1
flt,1
fluidcontrol,1
flurri,1
flyover,1
fireth,1
firesubsequ,1
figur,1
figueri,1
failureon,1
failuresupd,1
falco,1
falcon,1
falconair,1
falconar,1
fan,1
farmer,1
farther,1
fashion,1
fatiguecrack,1
fbac,1
fc,1
featur,1
featureless,1
feetth,1
feew,1
fertil,1
fex,1
fgcz,1
fiberglass,1
fifteen,1
fig,1
electricallyoper,1
eject,1
eightknot,1
discoveri,1
difficultyth,1
dificulti,1
dim,1
dimension,1
dimon,1
dioxid,1
dirtystick,1
disagr,1
disagre,1
disc,1
discharg,1
discret,1
dive,1
disembark,1
dismiss,1
disori,1
dispos,1
disproven,1
distinct,1
distinguish,1
distress,1
distributor,1
ditchcollaps,1
ditchth,1
differenti,1
diesel,1
dieforg,1
diefenbak,1
defenc,1
defin,1
degn,1
degw,1
deicer,1
deliv,1
deliveri,1
demand,1
dene,1
dent,1
depict,1
deployedupd,1
derot,1
designinduc,1
detectionbird,1
deviat,1
dewar,1
dewpoint,1
df,1
dhca,1
diagon,1
diametr,1
die,1
div,1
dme,1
eighti,1
eaten,1
dunda,1
dunker,1
dusseldorf,1
dutchess,1
dv,1
dye,1
dynam,1
ea,1
eaglesham,1
easier,1
easili,1
edenval,1
document,1
edgepartington,1
edinburgh,1
edit,1
edmontoncook,1
edmontonvilleneuv,1
edmundston,1
edson,1
edt,1
edward,1
egt,1
eighth,1
dump,1
dumoin,1
dull,1
duke,1
doen,1
donaldson,1
dooran,1
doorth,1
dorvalmontr,1
dot,1
doubleact,1
doubt,1
downslop,1
downstrok,1
downth,1
downw,1
dr,1
draft,1
draglink,1
draw,1
drawn,1
drayton,1
driveshaft,1
druin,1
drummondvil,1
duchess,1
duck,1
flypass,1
fokker,1
foldedcollaps,1
hotel,1
hiker,1
hilltop,1
hinder,1
hire,1
histori,1
holder,1
hollow,1
honeywel,1
horizon,1
hornactiv,1
horsesho,1
hourli,1
idaho,1
human,1
huronia,1
hurri,1
hurriedli,1
huski,1
hyd,1
hydro,1
hydrosorb,1
hypothesi,1
ia,1
iceencrust,1
highstress,1
highload,1
highlift,1
hex,1
handstart,1
hangarth,1
hanna,1
hanov,1
hanoversaugeen,1
harbor,1
hardcrust,1
hardi,1
hatz,1
havelock,1
havr,1
hawkersidd,1
hawkesburi,1
hayfield,1
haze,1
hceyr,1
hceyratf,1
headset,1
headwind,1
heater,1
helilog,1
herd,1
heritag,1
iceland,1
idea,1
handicap,1
informationon,1
inconvenienc,1
incub,1
indian,1
indict,1
indoctrin,1
induct,1
inevit,1
inexperi,1
infant,1
inferior,1
infieldther,1
informaton,1
identif,1
inid,1
initiatedit,1
injuredcompani,1
injuredexamin,1
injuredit,1
injuredmainten,1
injuredpostoccurr,1
injuredupd,1
injuriedth,1
injuriesaddit,1
injuriesinform,1
inconsist,1
incidentth,1
incidentpilot,1
incidentan,1
ignac,1
ignor,1
ileàlacross,1
illinoi,1
illuminatedth,1
imbal,1
immin,1
impart,1
impass,1
imped,1
imperi,1
impli,1
implicationth,1
impress,1
imprint,1
improperlyopen,1
imput,1
inact,1
inadverantli,1
inappropri,1
inattent,1
inaud,1
inchlong,1
handsign,1
hamper,1
followupd,1
geardownandlock,1
futil,1
galiano,1
gananoqu,1
garland,1
garrett,1
gasp,1
gate,1
gatineauottawa,1
gc,1
gcaa,1
geardisagr,1
geardur,1
gimli,1
gearfin,1
gearfir,1
gearinspect,1
gearintransit,1
gearnotdown,1
gearrel,1
gearski,1
gearther,1
gearupandlock,1
geodesi,1
geologist,1
fuselagecompani,1
furtherth,1
fullyback,1
fueslag,1
fond,1
food,1
forceth,1
forest,1
forg,1
forkth,1
forrrunway,1
forthcom,1
forthcomingupd,1
fourandahalffoothigh,1
fourinch,1
fourstag,1
fox,1
foxtrot,1
fp,1
fray,1
freed,1
frequent,1
freshli,1
fret,1
frontseat,1
froze,1
ftfu,1
germani,1
glacier,1
halifaxrobert,1
gulfstream,1
griffon,1
grindston,1
groundloopedth,1
groundrol,1
groundth,1
grow,1
grue,1
gso,1
gswc,1
gtsiol,1
guardlatch,1
gulli,1
glaslyn,1
gurney,1
gyrat,1
habitu,1
hadfunct,1
hadnt,1
hagu,1
hair,1
hairlin,1
halfextend,1
halfscal,1
haliburton,1
grid,1
greendur,1
greatli,1
great,1
glastar,1
glaze,1
glenwood,1
glide,1
glossari,1
glue,1
gmfc,1
gold,1
golf,1
goodon,1
gore,1
goso,1
governor,1
gph,1
gpw,1
grab,1
grade,1
grader,1
grain,1
granular,1
grasp,1
grasscov,1
gray,1
écuyer,1
